{
    "Dog": [
        {
            "id": 0,
            "text": "Hey - friend ...",
			"next": [
                {
                    "speaker": "Dog",
                    "id": 1
                }
			]
        },
        {
            "id": 1,
            "text": "Can you hear me?",
            "next": [
                {
                    "speaker": "Dog",
                    "id": "2"
                }
            ]
        },
		{
            "id": 2,
            "text": "I'm using my <color=lime>magic dog powers</color> to communicate with you.",
            "next": [
                {
                    "speaker": "Dog",
                    "id": "3"
                }
            ]
        },
		{
            "id": 3,
            "text": "I have a gift for you. I'll transport it to you.",
            "next": [
                {
                    "speaker": "Dog",
                    "id": "4"
                }
            ]
        },
		{
            "id": 4,
            "text": "It's a <color=lime>grappling hook.</color>",
            "next": [
                {
                    "speaker": "Dog",
                    "id": "5"
                }
            ]
        },
		{
            "id": 5,
            "text": "Good luck friend...",
            "next": [
                {
                    "speaker": "Dog",
                    "id": "6"
                }
            ]
        },
		{
            "id": 6,
            "text": "...",
            "next": [
                {
                    "speaker": "Dog",
                    "id": "exit"
                }
            ]
        } 
    ]
}