{
    "Dog": [
        {
            "id": 0,
            "text": "Howdy!!!",
			"next": [
                {
                    "speaker": "Dog",
                    "id": 1
                }
			]
        },
        {
            "id": 1,
            "text": "Watsa matter?",
            "next": [
                {
                    "speaker": "Dog",
                    "id": 2
                }
            ]
        },
		{
            "id": 2,
            "text": "Forgotten what your good old <color=lime>pet dog </color> looks like?",
            "next": [
                {
                    "speaker": "Dog",
                    "id": "3"
                }
            ]
        },
		{
            "id": 3,
            "text": "Listen pal ... we've known each other a while now ...",
            "next": [
                {
                    "speaker": "Dog",
                    "id": "4"
                }
            ]
        },
		{
            "id": 4,
            "text": "But there's something I've never told you before.",
            "next": [
                {
                    "speaker": "Dog",
                    "id": "5"
                }
            ]
        },
		{
            "id": 5,
            "text": "I'm a <color=lime>magic dog.</color>",
            "next": [
                {
                    "speaker": "Dog",
                    "id": "6"
                }
            ]
        },
		{
            "id": 6,
            "text": "I can give you the amazing power to change your arms into <color=lime>pickaxes!!!!</color>",
            "next": [
                {
                    "speaker": "Dog",
                    "id": "7"
                }
            ]
        },
		{
            "id": 7,
            "text": "I mean ... If you wanted to do that for some reason ...",
            "next": [
                {
                    "speaker": "Dog",
                    "id": "8"
                }
            ]
        },
		{
            "id": 8,
            "text": "Right hand click to <color=lime>swap your arms to pickaxes.</color>",
            "next": [
                {
                    "speaker": "Dog",
                    "id": "exit"
                }
            ]
        }
    ]
}