{
    "Cultist": [
        {
            "id": 0,
            "text": "What's this!?!?",
			"next": [
                {
                    "speaker": "Cultist",
                    "id": 1
                }
			]
        },
        {
            "id": 1,
            "text": "Who are you? What are you doing in our secret lair?",
            "next": [
                {
                    "speaker": "Cultist",
                    "id": 2
                }
            ]
        },
		{
            "id": 2,
            "text": "No matter. But we forget our hospitality.",
            "next": [
                {
                    "speaker": "Cultist",
                    "id": 3
                }
            ]
        },
		{
            "id": 3,
            "text": "Good evening friend. Looks like We'll be forced to <color=red>kill</color> you",
            "next": [
                {
                    "speaker": "Cultist",
                    "id": "exit"
                }
            ]
        }
    ]
}